{
    "2": {
        "Default": 0.03650842009598841,
        "Harmonics+Default": 0.03658856473214332,
        "CG": 0.023824890208018937,
        "Harmonics+CG": 0.023500174122257585,
        "Default_avg": 0.03432715158399889,
        "Harmonics+Default_avg": 0.029938505262075067,
        "CG_avg": 0.022063037904016668,
        "Harmonics+CG_avg": 0.020357316261134177
    },
    "3": {
        "Default": 0.022281235520017297,
        "Harmonics+Default": 0.022898207856394903,
        "CG": 0.015838932800008986,
        "Harmonics+CG": 0.015880626839049596,
        "Default_avg": 0.019753272309347463,
        "Harmonics+Default_avg": 0.014950806356144361,
        "CG_avg": 0.013601934773339536,
        "Harmonics+CG_avg": 0.011647490002350536
    },
    "4": {
        "Default": 0.015033425664007949,
        "Harmonics+Default": 0.015268320911365665,
        "CG": 0.012013864416004058,
        "Harmonics+CG": 0.013142956916484465,
        "Default_avg": 0.013019979584005706,
        "Harmonics+Default_avg": 0.009392357495682225,
        "CG_avg": 0.0107217248640028,
        "Harmonics+CG_avg": 0.008617733080961788
    }
}